"rgn_id","product","year","usd"
12,"fish_oil",1976,29503.3333333333
4,"fish_oil",1976,29503.3333333333
8,"fish_oil",1976,29503.3333333333
10,"fish_oil",1976,29503.3333333333
2,"fish_oil",1976,29503.3333333333
14,"fish_oil",1976,29503.3333333333
7,"fish_oil",1976,29503.3333333333
11,"fish_oil",1976,29503.3333333333
5,"fish_oil",1976,29503.3333333333
3,"fish_oil",1976,29503.3333333333
1,"fish_oil",1976,29503.3333333333
9,"fish_oil",1976,29503.3333333333
6,"fish_oil",1976,29503.3333333333
13,"fish_oil",1976,29503.3333333333
12,"fish_oil",1977,28661.75
4,"fish_oil",1977,28661.75
8,"fish_oil",1977,28661.75
10,"fish_oil",1977,28661.75
2,"fish_oil",1977,28661.75
14,"fish_oil",1977,28661.75
7,"fish_oil",1977,28661.75
11,"fish_oil",1977,28661.75
5,"fish_oil",1977,28661.75
3,"fish_oil",1977,28661.75
1,"fish_oil",1977,28661.75
9,"fish_oil",1977,28661.75
6,"fish_oil",1977,28661.75
13,"fish_oil",1977,28661.75
12,"fish_oil",1978,31585.25
4,"fish_oil",1978,31585.25
8,"fish_oil",1978,31585.25
10,"fish_oil",1978,31585.25
2,"fish_oil",1978,31585.25
14,"fish_oil",1978,31585.25
7,"fish_oil",1978,31585.25
11,"fish_oil",1978,31585.25
5,"fish_oil",1978,31585.25
3,"fish_oil",1978,31585.25
1,"fish_oil",1978,31585.25
9,"fish_oil",1978,31585.25
6,"fish_oil",1978,31585.25
13,"fish_oil",1978,31585.25
12,"fish_oil",1979,31851
4,"fish_oil",1979,31851
8,"fish_oil",1979,31851
10,"fish_oil",1979,31851
2,"fish_oil",1979,31851
14,"fish_oil",1979,31851
7,"fish_oil",1979,31851
11,"fish_oil",1979,31851
5,"fish_oil",1979,31851
3,"fish_oil",1979,31851
1,"fish_oil",1979,31851
9,"fish_oil",1979,31851
6,"fish_oil",1979,31851
13,"fish_oil",1979,31851
12,"fish_oil",1980,30586
4,"fish_oil",1980,30586
8,"fish_oil",1980,30586
10,"fish_oil",1980,30586
2,"fish_oil",1980,30586
14,"fish_oil",1980,30586
7,"fish_oil",1980,30586
11,"fish_oil",1980,30586
5,"fish_oil",1980,30586
3,"fish_oil",1980,30586
1,"fish_oil",1980,30586
9,"fish_oil",1980,30586
6,"fish_oil",1980,30586
13,"fish_oil",1980,30586
12,"fish_oil",1981,29691
4,"fish_oil",1981,29691
8,"fish_oil",1981,29691
10,"fish_oil",1981,29691
2,"fish_oil",1981,29691
14,"fish_oil",1981,29691
7,"fish_oil",1981,29691
11,"fish_oil",1981,29691
5,"fish_oil",1981,29691
3,"fish_oil",1981,29691
1,"fish_oil",1981,29691
9,"fish_oil",1981,29691
6,"fish_oil",1981,29691
13,"fish_oil",1981,29691
12,"fish_oil",1982,24875.25
4,"fish_oil",1982,24875.25
8,"fish_oil",1982,24875.25
10,"fish_oil",1982,24875.25
2,"fish_oil",1982,24875.25
14,"fish_oil",1982,24875.25
7,"fish_oil",1982,24875.25
11,"fish_oil",1982,24875.25
5,"fish_oil",1982,24875.25
3,"fish_oil",1982,24875.25
1,"fish_oil",1982,24875.25
9,"fish_oil",1982,24875.25
6,"fish_oil",1982,24875.25
13,"fish_oil",1982,24875.25
12,"fish_oil",1983,21185.5
4,"fish_oil",1983,21185.5
8,"fish_oil",1983,21185.5
10,"fish_oil",1983,21185.5
2,"fish_oil",1983,21185.5
14,"fish_oil",1983,21185.5
7,"fish_oil",1983,21185.5
11,"fish_oil",1983,21185.5
5,"fish_oil",1983,21185.5
3,"fish_oil",1983,21185.5
1,"fish_oil",1983,21185.5
9,"fish_oil",1983,21185.5
6,"fish_oil",1983,21185.5
13,"fish_oil",1983,21185.5
12,"fish_oil",1984,18595.5
4,"fish_oil",1984,18595.5
8,"fish_oil",1984,18595.5
10,"fish_oil",1984,18595.5
2,"fish_oil",1984,18595.5
14,"fish_oil",1984,18595.5
7,"fish_oil",1984,18595.5
11,"fish_oil",1984,18595.5
5,"fish_oil",1984,18595.5
3,"fish_oil",1984,18595.5
1,"fish_oil",1984,18595.5
9,"fish_oil",1984,18595.5
6,"fish_oil",1984,18595.5
13,"fish_oil",1984,18595.5
12,"fish_oil",1985,15094.5
4,"fish_oil",1985,15094.5
8,"fish_oil",1985,15094.5
10,"fish_oil",1985,15094.5
2,"fish_oil",1985,15094.5
14,"fish_oil",1985,15094.5
7,"fish_oil",1985,15094.5
11,"fish_oil",1985,15094.5
5,"fish_oil",1985,15094.5
3,"fish_oil",1985,15094.5
1,"fish_oil",1985,15094.5
9,"fish_oil",1985,15094.5
6,"fish_oil",1985,15094.5
13,"fish_oil",1985,15094.5
12,"fish_oil",1986,14112
4,"fish_oil",1986,14112
8,"fish_oil",1986,14112
10,"fish_oil",1986,14112
2,"fish_oil",1986,14112
14,"fish_oil",1986,14112
7,"fish_oil",1986,14112
11,"fish_oil",1986,14112
5,"fish_oil",1986,14112
3,"fish_oil",1986,14112
1,"fish_oil",1986,14112
9,"fish_oil",1986,14112
6,"fish_oil",1986,14112
13,"fish_oil",1986,14112
12,"fish_oil",1987,11362.25
4,"fish_oil",1987,11362.25
8,"fish_oil",1987,11362.25
10,"fish_oil",1987,11362.25
2,"fish_oil",1987,11362.25
14,"fish_oil",1987,11362.25
7,"fish_oil",1987,11362.25
11,"fish_oil",1987,11362.25
5,"fish_oil",1987,11362.25
3,"fish_oil",1987,11362.25
1,"fish_oil",1987,11362.25
9,"fish_oil",1987,11362.25
6,"fish_oil",1987,11362.25
13,"fish_oil",1987,11362.25
12,"fish_oil",1988,10831.75
4,"fish_oil",1988,10831.75
8,"fish_oil",1988,10831.75
10,"fish_oil",1988,10831.75
2,"fish_oil",1988,10831.75
14,"fish_oil",1988,10831.75
7,"fish_oil",1988,10831.75
11,"fish_oil",1988,10831.75
5,"fish_oil",1988,10831.75
3,"fish_oil",1988,10831.75
1,"fish_oil",1988,10831.75
9,"fish_oil",1988,10831.75
6,"fish_oil",1988,10831.75
13,"fish_oil",1988,10831.75
12,"fish_oil",1989,15042.5
4,"fish_oil",1989,15042.5
8,"fish_oil",1989,15042.5
10,"fish_oil",1989,15042.5
2,"fish_oil",1989,15042.5
14,"fish_oil",1989,15042.5
7,"fish_oil",1989,15042.5
11,"fish_oil",1989,15042.5
5,"fish_oil",1989,15042.5
3,"fish_oil",1989,15042.5
1,"fish_oil",1989,15042.5
9,"fish_oil",1989,15042.5
6,"fish_oil",1989,15042.5
13,"fish_oil",1989,15042.5
12,"fish_oil",1990,19219.25
4,"fish_oil",1990,19219.25
8,"fish_oil",1990,19219.25
10,"fish_oil",1990,19219.25
2,"fish_oil",1990,19219.25
14,"fish_oil",1990,19219.25
7,"fish_oil",1990,19219.25
11,"fish_oil",1990,19219.25
5,"fish_oil",1990,19219.25
3,"fish_oil",1990,19219.25
1,"fish_oil",1990,19219.25
9,"fish_oil",1990,19219.25
6,"fish_oil",1990,19219.25
13,"fish_oil",1990,19219.25
12,"fish_oil",1991,23618
4,"fish_oil",1991,23618
8,"fish_oil",1991,23618
10,"fish_oil",1991,23618
2,"fish_oil",1991,23618
14,"fish_oil",1991,23618
7,"fish_oil",1991,23618
11,"fish_oil",1991,23618
5,"fish_oil",1991,23618
3,"fish_oil",1991,23618
1,"fish_oil",1991,23618
9,"fish_oil",1991,23618
6,"fish_oil",1991,23618
13,"fish_oil",1991,23618
12,"fish_oil",1992,28413
4,"fish_oil",1992,28413
8,"fish_oil",1992,28413
10,"fish_oil",1992,28413
2,"fish_oil",1992,28413
14,"fish_oil",1992,28413
7,"fish_oil",1992,28413
11,"fish_oil",1992,28413
5,"fish_oil",1992,28413
3,"fish_oil",1992,28413
1,"fish_oil",1992,28413
9,"fish_oil",1992,28413
6,"fish_oil",1992,28413
13,"fish_oil",1992,28413
12,"fish_oil",1993,35690
4,"fish_oil",1993,35690
8,"fish_oil",1993,35690
10,"fish_oil",1993,35690
2,"fish_oil",1993,35690
14,"fish_oil",1993,35690
7,"fish_oil",1993,35690
11,"fish_oil",1993,35690
5,"fish_oil",1993,35690
3,"fish_oil",1993,35690
1,"fish_oil",1993,35690
9,"fish_oil",1993,35690
6,"fish_oil",1993,35690
13,"fish_oil",1993,35690
12,"fish_oil",1994,40257.5
4,"fish_oil",1994,40257.5
8,"fish_oil",1994,40257.5
10,"fish_oil",1994,40257.5
2,"fish_oil",1994,40257.5
14,"fish_oil",1994,40257.5
7,"fish_oil",1994,40257.5
11,"fish_oil",1994,40257.5
5,"fish_oil",1994,40257.5
3,"fish_oil",1994,40257.5
1,"fish_oil",1994,40257.5
9,"fish_oil",1994,40257.5
6,"fish_oil",1994,40257.5
13,"fish_oil",1994,40257.5
12,"fish_oil",1995,47752.25
4,"fish_oil",1995,47752.25
8,"fish_oil",1995,47752.25
10,"fish_oil",1995,47752.25
2,"fish_oil",1995,47752.25
14,"fish_oil",1995,47752.25
7,"fish_oil",1995,47752.25
11,"fish_oil",1995,47752.25
5,"fish_oil",1995,47752.25
3,"fish_oil",1995,47752.25
1,"fish_oil",1995,47752.25
9,"fish_oil",1995,47752.25
6,"fish_oil",1995,47752.25
13,"fish_oil",1995,47752.25
12,"fish_oil",1996,54675.5
4,"fish_oil",1996,54675.5
8,"fish_oil",1996,54675.5
10,"fish_oil",1996,54675.5
2,"fish_oil",1996,54675.5
14,"fish_oil",1996,54675.5
7,"fish_oil",1996,54675.5
11,"fish_oil",1996,54675.5
5,"fish_oil",1996,54675.5
3,"fish_oil",1996,54675.5
1,"fish_oil",1996,54675.5
9,"fish_oil",1996,54675.5
6,"fish_oil",1996,54675.5
13,"fish_oil",1996,54675.5
12,"fish_oil",1997,51048.5
4,"fish_oil",1997,51048.5
8,"fish_oil",1997,51048.5
10,"fish_oil",1997,51048.5
2,"fish_oil",1997,51048.5
14,"fish_oil",1997,51048.5
7,"fish_oil",1997,51048.5
11,"fish_oil",1997,51048.5
5,"fish_oil",1997,51048.5
3,"fish_oil",1997,51048.5
1,"fish_oil",1997,51048.5
9,"fish_oil",1997,51048.5
6,"fish_oil",1997,51048.5
13,"fish_oil",1997,51048.5
12,"fish_oil",1998,46573
4,"fish_oil",1998,46573
8,"fish_oil",1998,46573
10,"fish_oil",1998,46573
2,"fish_oil",1998,46573
14,"fish_oil",1998,46573
7,"fish_oil",1998,46573
11,"fish_oil",1998,46573
5,"fish_oil",1998,46573
3,"fish_oil",1998,46573
1,"fish_oil",1998,46573
9,"fish_oil",1998,46573
6,"fish_oil",1998,46573
13,"fish_oil",1998,46573
12,"fish_oil",1999,42982.75
4,"fish_oil",1999,42982.75
8,"fish_oil",1999,42982.75
10,"fish_oil",1999,42982.75
2,"fish_oil",1999,42982.75
14,"fish_oil",1999,42982.75
7,"fish_oil",1999,42982.75
11,"fish_oil",1999,42982.75
5,"fish_oil",1999,42982.75
3,"fish_oil",1999,42982.75
1,"fish_oil",1999,42982.75
9,"fish_oil",1999,42982.75
6,"fish_oil",1999,42982.75
13,"fish_oil",1999,42982.75
12,"fish_oil",2000,42344.5
4,"fish_oil",2000,42344.5
8,"fish_oil",2000,42344.5
10,"fish_oil",2000,42344.5
2,"fish_oil",2000,42344.5
14,"fish_oil",2000,42344.5
7,"fish_oil",2000,42344.5
11,"fish_oil",2000,42344.5
5,"fish_oil",2000,42344.5
3,"fish_oil",2000,42344.5
1,"fish_oil",2000,42344.5
9,"fish_oil",2000,42344.5
6,"fish_oil",2000,42344.5
13,"fish_oil",2000,42344.5
12,"fish_oil",2001,49088
4,"fish_oil",2001,49088
8,"fish_oil",2001,49088
10,"fish_oil",2001,49088
2,"fish_oil",2001,49088
14,"fish_oil",2001,49088
7,"fish_oil",2001,49088
11,"fish_oil",2001,49088
5,"fish_oil",2001,49088
3,"fish_oil",2001,49088
1,"fish_oil",2001,49088
9,"fish_oil",2001,49088
6,"fish_oil",2001,49088
13,"fish_oil",2001,49088
12,"fish_oil",2002,61388.5
4,"fish_oil",2002,61388.5
8,"fish_oil",2002,61388.5
10,"fish_oil",2002,61388.5
2,"fish_oil",2002,61388.5
14,"fish_oil",2002,61388.5
7,"fish_oil",2002,61388.5
11,"fish_oil",2002,61388.5
5,"fish_oil",2002,61388.5
3,"fish_oil",2002,61388.5
1,"fish_oil",2002,61388.5
9,"fish_oil",2002,61388.5
6,"fish_oil",2002,61388.5
13,"fish_oil",2002,61388.5
12,"fish_oil",2003,73991.25
4,"fish_oil",2003,73991.25
8,"fish_oil",2003,73991.25
10,"fish_oil",2003,73991.25
2,"fish_oil",2003,73991.25
14,"fish_oil",2003,73991.25
7,"fish_oil",2003,73991.25
11,"fish_oil",2003,73991.25
5,"fish_oil",2003,73991.25
3,"fish_oil",2003,73991.25
1,"fish_oil",2003,73991.25
9,"fish_oil",2003,73991.25
6,"fish_oil",2003,73991.25
13,"fish_oil",2003,73991.25
12,"fish_oil",2004,90224.75
4,"fish_oil",2004,90224.75
8,"fish_oil",2004,90224.75
10,"fish_oil",2004,90224.75
2,"fish_oil",2004,90224.75
14,"fish_oil",2004,90224.75
7,"fish_oil",2004,90224.75
11,"fish_oil",2004,90224.75
5,"fish_oil",2004,90224.75
3,"fish_oil",2004,90224.75
1,"fish_oil",2004,90224.75
9,"fish_oil",2004,90224.75
6,"fish_oil",2004,90224.75
13,"fish_oil",2004,90224.75
12,"fish_oil",2005,105373.75
4,"fish_oil",2005,105373.75
8,"fish_oil",2005,105373.75
10,"fish_oil",2005,105373.75
2,"fish_oil",2005,105373.75
14,"fish_oil",2005,105373.75
7,"fish_oil",2005,105373.75
11,"fish_oil",2005,105373.75
5,"fish_oil",2005,105373.75
3,"fish_oil",2005,105373.75
1,"fish_oil",2005,105373.75
9,"fish_oil",2005,105373.75
6,"fish_oil",2005,105373.75
13,"fish_oil",2005,105373.75
12,"fish_oil",2006,135409.5
4,"fish_oil",2006,135409.5
8,"fish_oil",2006,135409.5
10,"fish_oil",2006,135409.5
2,"fish_oil",2006,135409.5
14,"fish_oil",2006,135409.5
7,"fish_oil",2006,135409.5
11,"fish_oil",2006,135409.5
5,"fish_oil",2006,135409.5
3,"fish_oil",2006,135409.5
1,"fish_oil",2006,135409.5
9,"fish_oil",2006,135409.5
6,"fish_oil",2006,135409.5
13,"fish_oil",2006,135409.5
12,"fish_oil",2007,150430.25
4,"fish_oil",2007,150430.25
8,"fish_oil",2007,150430.25
10,"fish_oil",2007,150430.25
2,"fish_oil",2007,150430.25
14,"fish_oil",2007,150430.25
7,"fish_oil",2007,150430.25
11,"fish_oil",2007,150430.25
5,"fish_oil",2007,150430.25
3,"fish_oil",2007,150430.25
1,"fish_oil",2007,150430.25
9,"fish_oil",2007,150430.25
6,"fish_oil",2007,150430.25
13,"fish_oil",2007,150430.25
12,"fish_oil",2008,172281.25
4,"fish_oil",2008,172281.25
8,"fish_oil",2008,172281.25
10,"fish_oil",2008,172281.25
2,"fish_oil",2008,172281.25
14,"fish_oil",2008,172281.25
7,"fish_oil",2008,172281.25
11,"fish_oil",2008,172281.25
5,"fish_oil",2008,172281.25
3,"fish_oil",2008,172281.25
1,"fish_oil",2008,172281.25
9,"fish_oil",2008,172281.25
6,"fish_oil",2008,172281.25
13,"fish_oil",2008,172281.25
12,"fish_oil",2009,201335
4,"fish_oil",2009,201335
8,"fish_oil",2009,201335
10,"fish_oil",2009,201335
2,"fish_oil",2009,201335
14,"fish_oil",2009,201335
7,"fish_oil",2009,201335
11,"fish_oil",2009,201335
5,"fish_oil",2009,201335
3,"fish_oil",2009,201335
1,"fish_oil",2009,201335
9,"fish_oil",2009,201335
6,"fish_oil",2009,201335
13,"fish_oil",2009,201335
12,"fish_oil",2010,200648.333333333
4,"fish_oil",2010,200648.333333333
8,"fish_oil",2010,200648.333333333
10,"fish_oil",2010,200648.333333333
2,"fish_oil",2010,200648.333333333
14,"fish_oil",2010,200648.333333333
7,"fish_oil",2010,200648.333333333
11,"fish_oil",2010,200648.333333333
5,"fish_oil",2010,200648.333333333
3,"fish_oil",2010,200648.333333333
1,"fish_oil",2010,200648.333333333
9,"fish_oil",2010,200648.333333333
6,"fish_oil",2010,200648.333333333
13,"fish_oil",2010,200648.333333333
12,"fish_oil",2011,225437.5
4,"fish_oil",2011,225437.5
8,"fish_oil",2011,225437.5
10,"fish_oil",2011,225437.5
2,"fish_oil",2011,225437.5
14,"fish_oil",2011,225437.5
7,"fish_oil",2011,225437.5
11,"fish_oil",2011,225437.5
5,"fish_oil",2011,225437.5
3,"fish_oil",2011,225437.5
1,"fish_oil",2011,225437.5
9,"fish_oil",2011,225437.5
6,"fish_oil",2011,225437.5
13,"fish_oil",2011,225437.5
12,"ornamentals",1988,31
4,"ornamentals",1988,31
8,"ornamentals",1988,31
10,"ornamentals",1988,31
2,"ornamentals",1988,31
14,"ornamentals",1988,31
7,"ornamentals",1988,31
11,"ornamentals",1988,31
5,"ornamentals",1988,31
3,"ornamentals",1988,31
1,"ornamentals",1988,31
9,"ornamentals",1988,31
6,"ornamentals",1988,31
13,"ornamentals",1988,31
12,"ornamentals",1989,68.75
4,"ornamentals",1989,68.75
8,"ornamentals",1989,68.75
10,"ornamentals",1989,68.75
2,"ornamentals",1989,68.75
14,"ornamentals",1989,68.75
7,"ornamentals",1989,68.75
11,"ornamentals",1989,68.75
5,"ornamentals",1989,68.75
3,"ornamentals",1989,68.75
1,"ornamentals",1989,68.75
9,"ornamentals",1989,68.75
6,"ornamentals",1989,68.75
13,"ornamentals",1989,68.75
12,"ornamentals",1990,74
4,"ornamentals",1990,74
8,"ornamentals",1990,74
10,"ornamentals",1990,74
2,"ornamentals",1990,74
14,"ornamentals",1990,74
7,"ornamentals",1990,74
11,"ornamentals",1990,74
5,"ornamentals",1990,74
3,"ornamentals",1990,74
1,"ornamentals",1990,74
9,"ornamentals",1990,74
6,"ornamentals",1990,74
13,"ornamentals",1990,74
12,"ornamentals",1991,77.25
4,"ornamentals",1991,77.25
8,"ornamentals",1991,77.25
10,"ornamentals",1991,77.25
2,"ornamentals",1991,77.25
14,"ornamentals",1991,77.25
7,"ornamentals",1991,77.25
11,"ornamentals",1991,77.25
5,"ornamentals",1991,77.25
3,"ornamentals",1991,77.25
1,"ornamentals",1991,77.25
9,"ornamentals",1991,77.25
6,"ornamentals",1991,77.25
13,"ornamentals",1991,77.25
12,"ornamentals",1992,70.75
4,"ornamentals",1992,70.75
8,"ornamentals",1992,70.75
10,"ornamentals",1992,70.75
2,"ornamentals",1992,70.75
14,"ornamentals",1992,70.75
7,"ornamentals",1992,70.75
11,"ornamentals",1992,70.75
5,"ornamentals",1992,70.75
3,"ornamentals",1992,70.75
1,"ornamentals",1992,70.75
9,"ornamentals",1992,70.75
6,"ornamentals",1992,70.75
13,"ornamentals",1992,70.75
12,"ornamentals",1993,37
4,"ornamentals",1993,37
8,"ornamentals",1993,37
10,"ornamentals",1993,37
2,"ornamentals",1993,37
14,"ornamentals",1993,37
7,"ornamentals",1993,37
11,"ornamentals",1993,37
5,"ornamentals",1993,37
3,"ornamentals",1993,37
1,"ornamentals",1993,37
9,"ornamentals",1993,37
6,"ornamentals",1993,37
13,"ornamentals",1993,37
12,"ornamentals",1994,17.75
4,"ornamentals",1994,17.75
8,"ornamentals",1994,17.75
10,"ornamentals",1994,17.75
2,"ornamentals",1994,17.75
14,"ornamentals",1994,17.75
7,"ornamentals",1994,17.75
11,"ornamentals",1994,17.75
5,"ornamentals",1994,17.75
3,"ornamentals",1994,17.75
1,"ornamentals",1994,17.75
9,"ornamentals",1994,17.75
6,"ornamentals",1994,17.75
13,"ornamentals",1994,17.75
12,"ornamentals",1995,16
4,"ornamentals",1995,16
8,"ornamentals",1995,16
10,"ornamentals",1995,16
2,"ornamentals",1995,16
14,"ornamentals",1995,16
7,"ornamentals",1995,16
11,"ornamentals",1995,16
5,"ornamentals",1995,16
3,"ornamentals",1995,16
1,"ornamentals",1995,16
9,"ornamentals",1995,16
6,"ornamentals",1995,16
13,"ornamentals",1995,16
12,"ornamentals",1996,47.5
4,"ornamentals",1996,47.5
8,"ornamentals",1996,47.5
10,"ornamentals",1996,47.5
2,"ornamentals",1996,47.5
14,"ornamentals",1996,47.5
7,"ornamentals",1996,47.5
11,"ornamentals",1996,47.5
5,"ornamentals",1996,47.5
3,"ornamentals",1996,47.5
1,"ornamentals",1996,47.5
9,"ornamentals",1996,47.5
6,"ornamentals",1996,47.5
13,"ornamentals",1996,47.5
12,"ornamentals",1997,50
4,"ornamentals",1997,50
8,"ornamentals",1997,50
10,"ornamentals",1997,50
2,"ornamentals",1997,50
14,"ornamentals",1997,50
7,"ornamentals",1997,50
11,"ornamentals",1997,50
5,"ornamentals",1997,50
3,"ornamentals",1997,50
1,"ornamentals",1997,50
9,"ornamentals",1997,50
6,"ornamentals",1997,50
13,"ornamentals",1997,50
12,"ornamentals",1998,57
4,"ornamentals",1998,57
8,"ornamentals",1998,57
10,"ornamentals",1998,57
2,"ornamentals",1998,57
14,"ornamentals",1998,57
7,"ornamentals",1998,57
11,"ornamentals",1998,57
5,"ornamentals",1998,57
3,"ornamentals",1998,57
1,"ornamentals",1998,57
9,"ornamentals",1998,57
6,"ornamentals",1998,57
13,"ornamentals",1998,57
12,"ornamentals",1999,64.75
4,"ornamentals",1999,64.75
8,"ornamentals",1999,64.75
10,"ornamentals",1999,64.75
2,"ornamentals",1999,64.75
14,"ornamentals",1999,64.75
7,"ornamentals",1999,64.75
11,"ornamentals",1999,64.75
5,"ornamentals",1999,64.75
3,"ornamentals",1999,64.75
1,"ornamentals",1999,64.75
9,"ornamentals",1999,64.75
6,"ornamentals",1999,64.75
13,"ornamentals",1999,64.75
12,"ornamentals",2000,44
4,"ornamentals",2000,44
8,"ornamentals",2000,44
10,"ornamentals",2000,44
2,"ornamentals",2000,44
14,"ornamentals",2000,44
7,"ornamentals",2000,44
11,"ornamentals",2000,44
5,"ornamentals",2000,44
3,"ornamentals",2000,44
1,"ornamentals",2000,44
9,"ornamentals",2000,44
6,"ornamentals",2000,44
13,"ornamentals",2000,44
12,"ornamentals",2001,34.5
4,"ornamentals",2001,34.5
8,"ornamentals",2001,34.5
10,"ornamentals",2001,34.5
2,"ornamentals",2001,34.5
14,"ornamentals",2001,34.5
7,"ornamentals",2001,34.5
11,"ornamentals",2001,34.5
5,"ornamentals",2001,34.5
3,"ornamentals",2001,34.5
1,"ornamentals",2001,34.5
9,"ornamentals",2001,34.5
6,"ornamentals",2001,34.5
13,"ornamentals",2001,34.5
12,"ornamentals",2002,25
4,"ornamentals",2002,25
8,"ornamentals",2002,25
10,"ornamentals",2002,25
2,"ornamentals",2002,25
14,"ornamentals",2002,25
7,"ornamentals",2002,25
11,"ornamentals",2002,25
5,"ornamentals",2002,25
3,"ornamentals",2002,25
1,"ornamentals",2002,25
9,"ornamentals",2002,25
6,"ornamentals",2002,25
13,"ornamentals",2002,25
12,"ornamentals",2003,15.75
4,"ornamentals",2003,15.75
8,"ornamentals",2003,15.75
10,"ornamentals",2003,15.75
2,"ornamentals",2003,15.75
14,"ornamentals",2003,15.75
7,"ornamentals",2003,15.75
11,"ornamentals",2003,15.75
5,"ornamentals",2003,15.75
3,"ornamentals",2003,15.75
1,"ornamentals",2003,15.75
9,"ornamentals",2003,15.75
6,"ornamentals",2003,15.75
13,"ornamentals",2003,15.75
12,"ornamentals",2004,14.75
4,"ornamentals",2004,14.75
8,"ornamentals",2004,14.75
10,"ornamentals",2004,14.75
2,"ornamentals",2004,14.75
14,"ornamentals",2004,14.75
7,"ornamentals",2004,14.75
11,"ornamentals",2004,14.75
5,"ornamentals",2004,14.75
3,"ornamentals",2004,14.75
1,"ornamentals",2004,14.75
9,"ornamentals",2004,14.75
6,"ornamentals",2004,14.75
13,"ornamentals",2004,14.75
12,"ornamentals",2005,11.25
4,"ornamentals",2005,11.25
8,"ornamentals",2005,11.25
10,"ornamentals",2005,11.25
2,"ornamentals",2005,11.25
14,"ornamentals",2005,11.25
7,"ornamentals",2005,11.25
11,"ornamentals",2005,11.25
5,"ornamentals",2005,11.25
3,"ornamentals",2005,11.25
1,"ornamentals",2005,11.25
9,"ornamentals",2005,11.25
6,"ornamentals",2005,11.25
13,"ornamentals",2005,11.25
12,"ornamentals",2006,11.5
4,"ornamentals",2006,11.5
8,"ornamentals",2006,11.5
10,"ornamentals",2006,11.5
2,"ornamentals",2006,11.5
14,"ornamentals",2006,11.5
7,"ornamentals",2006,11.5
11,"ornamentals",2006,11.5
5,"ornamentals",2006,11.5
3,"ornamentals",2006,11.5
1,"ornamentals",2006,11.5
9,"ornamentals",2006,11.5
6,"ornamentals",2006,11.5
13,"ornamentals",2006,11.5
12,"ornamentals",2007,11.5
4,"ornamentals",2007,11.5
8,"ornamentals",2007,11.5
10,"ornamentals",2007,11.5
2,"ornamentals",2007,11.5
14,"ornamentals",2007,11.5
7,"ornamentals",2007,11.5
11,"ornamentals",2007,11.5
5,"ornamentals",2007,11.5
3,"ornamentals",2007,11.5
1,"ornamentals",2007,11.5
9,"ornamentals",2007,11.5
6,"ornamentals",2007,11.5
13,"ornamentals",2007,11.5
12,"ornamentals",2008,1.5
4,"ornamentals",2008,1.5
8,"ornamentals",2008,1.5
10,"ornamentals",2008,1.5
2,"ornamentals",2008,1.5
14,"ornamentals",2008,1.5
7,"ornamentals",2008,1.5
11,"ornamentals",2008,1.5
5,"ornamentals",2008,1.5
3,"ornamentals",2008,1.5
1,"ornamentals",2008,1.5
9,"ornamentals",2008,1.5
6,"ornamentals",2008,1.5
13,"ornamentals",2008,1.5
12,"ornamentals",2009,0.25
4,"ornamentals",2009,0.25
8,"ornamentals",2009,0.25
10,"ornamentals",2009,0.25
2,"ornamentals",2009,0.25
14,"ornamentals",2009,0.25
7,"ornamentals",2009,0.25
11,"ornamentals",2009,0.25
5,"ornamentals",2009,0.25
3,"ornamentals",2009,0.25
1,"ornamentals",2009,0.25
9,"ornamentals",2009,0.25
6,"ornamentals",2009,0.25
13,"ornamentals",2009,0.25
12,"ornamentals",2010,0
4,"ornamentals",2010,0
8,"ornamentals",2010,0
10,"ornamentals",2010,0
2,"ornamentals",2010,0
14,"ornamentals",2010,0
7,"ornamentals",2010,0
11,"ornamentals",2010,0
5,"ornamentals",2010,0
3,"ornamentals",2010,0
1,"ornamentals",2010,0
9,"ornamentals",2010,0
6,"ornamentals",2010,0
13,"ornamentals",2010,0
12,"ornamentals",2011,0
4,"ornamentals",2011,0
8,"ornamentals",2011,0
10,"ornamentals",2011,0
2,"ornamentals",2011,0
14,"ornamentals",2011,0
7,"ornamentals",2011,0
11,"ornamentals",2011,0
5,"ornamentals",2011,0
3,"ornamentals",2011,0
1,"ornamentals",2011,0
9,"ornamentals",2011,0
6,"ornamentals",2011,0
13,"ornamentals",2011,0
12,"seaweeds",1983,637.666666666667
4,"seaweeds",1983,637.666666666667
8,"seaweeds",1983,637.666666666667
10,"seaweeds",1983,637.666666666667
2,"seaweeds",1983,637.666666666667
14,"seaweeds",1983,637.666666666667
7,"seaweeds",1983,637.666666666667
11,"seaweeds",1983,637.666666666667
5,"seaweeds",1983,637.666666666667
3,"seaweeds",1983,637.666666666667
1,"seaweeds",1983,637.666666666667
9,"seaweeds",1983,637.666666666667
6,"seaweeds",1983,637.666666666667
13,"seaweeds",1983,637.666666666667
12,"seaweeds",1984,781
4,"seaweeds",1984,781
8,"seaweeds",1984,781
10,"seaweeds",1984,781
2,"seaweeds",1984,781
14,"seaweeds",1984,781
7,"seaweeds",1984,781
11,"seaweeds",1984,781
5,"seaweeds",1984,781
3,"seaweeds",1984,781
1,"seaweeds",1984,781
9,"seaweeds",1984,781
6,"seaweeds",1984,781
13,"seaweeds",1984,781
12,"seaweeds",1985,4208.25
4,"seaweeds",1985,4208.25
8,"seaweeds",1985,4208.25
10,"seaweeds",1985,4208.25
2,"seaweeds",1985,4208.25
14,"seaweeds",1985,4208.25
7,"seaweeds",1985,4208.25
11,"seaweeds",1985,4208.25
5,"seaweeds",1985,4208.25
3,"seaweeds",1985,4208.25
1,"seaweeds",1985,4208.25
9,"seaweeds",1985,4208.25
6,"seaweeds",1985,4208.25
13,"seaweeds",1985,4208.25
12,"seaweeds",1986,4296
4,"seaweeds",1986,4296
8,"seaweeds",1986,4296
10,"seaweeds",1986,4296
2,"seaweeds",1986,4296
14,"seaweeds",1986,4296
7,"seaweeds",1986,4296
11,"seaweeds",1986,4296
5,"seaweeds",1986,4296
3,"seaweeds",1986,4296
1,"seaweeds",1986,4296
9,"seaweeds",1986,4296
6,"seaweeds",1986,4296
13,"seaweeds",1986,4296
12,"seaweeds",1987,4489.75
4,"seaweeds",1987,4489.75
8,"seaweeds",1987,4489.75
10,"seaweeds",1987,4489.75
2,"seaweeds",1987,4489.75
14,"seaweeds",1987,4489.75
7,"seaweeds",1987,4489.75
11,"seaweeds",1987,4489.75
5,"seaweeds",1987,4489.75
3,"seaweeds",1987,4489.75
1,"seaweeds",1987,4489.75
9,"seaweeds",1987,4489.75
6,"seaweeds",1987,4489.75
13,"seaweeds",1987,4489.75
12,"seaweeds",1988,4187
4,"seaweeds",1988,4187
8,"seaweeds",1988,4187
10,"seaweeds",1988,4187
2,"seaweeds",1988,4187
14,"seaweeds",1988,4187
7,"seaweeds",1988,4187
11,"seaweeds",1988,4187
5,"seaweeds",1988,4187
3,"seaweeds",1988,4187
1,"seaweeds",1988,4187
9,"seaweeds",1988,4187
6,"seaweeds",1988,4187
13,"seaweeds",1988,4187
12,"seaweeds",1989,611.25
4,"seaweeds",1989,611.25
8,"seaweeds",1989,611.25
10,"seaweeds",1989,611.25
2,"seaweeds",1989,611.25
14,"seaweeds",1989,611.25
7,"seaweeds",1989,611.25
11,"seaweeds",1989,611.25
5,"seaweeds",1989,611.25
3,"seaweeds",1989,611.25
1,"seaweeds",1989,611.25
9,"seaweeds",1989,611.25
6,"seaweeds",1989,611.25
13,"seaweeds",1989,611.25
12,"seaweeds",1990,372.25
4,"seaweeds",1990,372.25
8,"seaweeds",1990,372.25
10,"seaweeds",1990,372.25
2,"seaweeds",1990,372.25
14,"seaweeds",1990,372.25
7,"seaweeds",1990,372.25
11,"seaweeds",1990,372.25
5,"seaweeds",1990,372.25
3,"seaweeds",1990,372.25
1,"seaweeds",1990,372.25
9,"seaweeds",1990,372.25
6,"seaweeds",1990,372.25
13,"seaweeds",1990,372.25
12,"seaweeds",1991,0
4,"seaweeds",1991,0
8,"seaweeds",1991,0
10,"seaweeds",1991,0
2,"seaweeds",1991,0
14,"seaweeds",1991,0
7,"seaweeds",1991,0
11,"seaweeds",1991,0
5,"seaweeds",1991,0
3,"seaweeds",1991,0
1,"seaweeds",1991,0
9,"seaweeds",1991,0
6,"seaweeds",1991,0
13,"seaweeds",1991,0
12,"seaweeds",1992,70.75
4,"seaweeds",1992,70.75
8,"seaweeds",1992,70.75
10,"seaweeds",1992,70.75
2,"seaweeds",1992,70.75
14,"seaweeds",1992,70.75
7,"seaweeds",1992,70.75
11,"seaweeds",1992,70.75
5,"seaweeds",1992,70.75
3,"seaweeds",1992,70.75
1,"seaweeds",1992,70.75
9,"seaweeds",1992,70.75
6,"seaweeds",1992,70.75
13,"seaweeds",1992,70.75
12,"seaweeds",1993,263
4,"seaweeds",1993,263
8,"seaweeds",1993,263
10,"seaweeds",1993,263
2,"seaweeds",1993,263
14,"seaweeds",1993,263
7,"seaweeds",1993,263
11,"seaweeds",1993,263
5,"seaweeds",1993,263
3,"seaweeds",1993,263
1,"seaweeds",1993,263
9,"seaweeds",1993,263
6,"seaweeds",1993,263
13,"seaweeds",1993,263
12,"seaweeds",1994,801
4,"seaweeds",1994,801
8,"seaweeds",1994,801
10,"seaweeds",1994,801
2,"seaweeds",1994,801
14,"seaweeds",1994,801
7,"seaweeds",1994,801
11,"seaweeds",1994,801
5,"seaweeds",1994,801
3,"seaweeds",1994,801
1,"seaweeds",1994,801
9,"seaweeds",1994,801
6,"seaweeds",1994,801
13,"seaweeds",1994,801
12,"seaweeds",1995,1515.75
4,"seaweeds",1995,1515.75
8,"seaweeds",1995,1515.75
10,"seaweeds",1995,1515.75
2,"seaweeds",1995,1515.75
14,"seaweeds",1995,1515.75
7,"seaweeds",1995,1515.75
11,"seaweeds",1995,1515.75
5,"seaweeds",1995,1515.75
3,"seaweeds",1995,1515.75
1,"seaweeds",1995,1515.75
9,"seaweeds",1995,1515.75
6,"seaweeds",1995,1515.75
13,"seaweeds",1995,1515.75
12,"seaweeds",1996,1771.75
4,"seaweeds",1996,1771.75
8,"seaweeds",1996,1771.75
10,"seaweeds",1996,1771.75
2,"seaweeds",1996,1771.75
14,"seaweeds",1996,1771.75
7,"seaweeds",1996,1771.75
11,"seaweeds",1996,1771.75
5,"seaweeds",1996,1771.75
3,"seaweeds",1996,1771.75
1,"seaweeds",1996,1771.75
9,"seaweeds",1996,1771.75
6,"seaweeds",1996,1771.75
13,"seaweeds",1996,1771.75
12,"seaweeds",1997,1871
4,"seaweeds",1997,1871
8,"seaweeds",1997,1871
10,"seaweeds",1997,1871
2,"seaweeds",1997,1871
14,"seaweeds",1997,1871
7,"seaweeds",1997,1871
11,"seaweeds",1997,1871
5,"seaweeds",1997,1871
3,"seaweeds",1997,1871
1,"seaweeds",1997,1871
9,"seaweeds",1997,1871
6,"seaweeds",1997,1871
13,"seaweeds",1997,1871
12,"seaweeds",1998,1577.5
4,"seaweeds",1998,1577.5
8,"seaweeds",1998,1577.5
10,"seaweeds",1998,1577.5
2,"seaweeds",1998,1577.5
14,"seaweeds",1998,1577.5
7,"seaweeds",1998,1577.5
11,"seaweeds",1998,1577.5
5,"seaweeds",1998,1577.5
3,"seaweeds",1998,1577.5
1,"seaweeds",1998,1577.5
9,"seaweeds",1998,1577.5
6,"seaweeds",1998,1577.5
13,"seaweeds",1998,1577.5
12,"seaweeds",1999,991.25
4,"seaweeds",1999,991.25
8,"seaweeds",1999,991.25
10,"seaweeds",1999,991.25
2,"seaweeds",1999,991.25
14,"seaweeds",1999,991.25
7,"seaweeds",1999,991.25
11,"seaweeds",1999,991.25
5,"seaweeds",1999,991.25
3,"seaweeds",1999,991.25
1,"seaweeds",1999,991.25
9,"seaweeds",1999,991.25
6,"seaweeds",1999,991.25
13,"seaweeds",1999,991.25
12,"seaweeds",2000,804
4,"seaweeds",2000,804
8,"seaweeds",2000,804
10,"seaweeds",2000,804
2,"seaweeds",2000,804
14,"seaweeds",2000,804
7,"seaweeds",2000,804
11,"seaweeds",2000,804
5,"seaweeds",2000,804
3,"seaweeds",2000,804
1,"seaweeds",2000,804
9,"seaweeds",2000,804
6,"seaweeds",2000,804
13,"seaweeds",2000,804
12,"seaweeds",2001,846.75
4,"seaweeds",2001,846.75
8,"seaweeds",2001,846.75
10,"seaweeds",2001,846.75
2,"seaweeds",2001,846.75
14,"seaweeds",2001,846.75
7,"seaweeds",2001,846.75
11,"seaweeds",2001,846.75
5,"seaweeds",2001,846.75
3,"seaweeds",2001,846.75
1,"seaweeds",2001,846.75
9,"seaweeds",2001,846.75
6,"seaweeds",2001,846.75
13,"seaweeds",2001,846.75
12,"seaweeds",2002,1084.75
4,"seaweeds",2002,1084.75
8,"seaweeds",2002,1084.75
10,"seaweeds",2002,1084.75
2,"seaweeds",2002,1084.75
14,"seaweeds",2002,1084.75
7,"seaweeds",2002,1084.75
11,"seaweeds",2002,1084.75
5,"seaweeds",2002,1084.75
3,"seaweeds",2002,1084.75
1,"seaweeds",2002,1084.75
9,"seaweeds",2002,1084.75
6,"seaweeds",2002,1084.75
13,"seaweeds",2002,1084.75
12,"seaweeds",2003,1808.5
4,"seaweeds",2003,1808.5
8,"seaweeds",2003,1808.5
10,"seaweeds",2003,1808.5
2,"seaweeds",2003,1808.5
14,"seaweeds",2003,1808.5
7,"seaweeds",2003,1808.5
11,"seaweeds",2003,1808.5
5,"seaweeds",2003,1808.5
3,"seaweeds",2003,1808.5
1,"seaweeds",2003,1808.5
9,"seaweeds",2003,1808.5
6,"seaweeds",2003,1808.5
13,"seaweeds",2003,1808.5
12,"seaweeds",2004,2215.5
4,"seaweeds",2004,2215.5
8,"seaweeds",2004,2215.5
10,"seaweeds",2004,2215.5
2,"seaweeds",2004,2215.5
14,"seaweeds",2004,2215.5
7,"seaweeds",2004,2215.5
11,"seaweeds",2004,2215.5
5,"seaweeds",2004,2215.5
3,"seaweeds",2004,2215.5
1,"seaweeds",2004,2215.5
9,"seaweeds",2004,2215.5
6,"seaweeds",2004,2215.5
13,"seaweeds",2004,2215.5
12,"seaweeds",2005,2608
4,"seaweeds",2005,2608
8,"seaweeds",2005,2608
10,"seaweeds",2005,2608
2,"seaweeds",2005,2608
14,"seaweeds",2005,2608
7,"seaweeds",2005,2608
11,"seaweeds",2005,2608
5,"seaweeds",2005,2608
3,"seaweeds",2005,2608
1,"seaweeds",2005,2608
9,"seaweeds",2005,2608
6,"seaweeds",2005,2608
13,"seaweeds",2005,2608
12,"seaweeds",2006,2699
4,"seaweeds",2006,2699
8,"seaweeds",2006,2699
10,"seaweeds",2006,2699
2,"seaweeds",2006,2699
14,"seaweeds",2006,2699
7,"seaweeds",2006,2699
11,"seaweeds",2006,2699
5,"seaweeds",2006,2699
3,"seaweeds",2006,2699
1,"seaweeds",2006,2699
9,"seaweeds",2006,2699
6,"seaweeds",2006,2699
13,"seaweeds",2006,2699
12,"seaweeds",2007,2388.5
4,"seaweeds",2007,2388.5
8,"seaweeds",2007,2388.5
10,"seaweeds",2007,2388.5
2,"seaweeds",2007,2388.5
14,"seaweeds",2007,2388.5
7,"seaweeds",2007,2388.5
11,"seaweeds",2007,2388.5
5,"seaweeds",2007,2388.5
3,"seaweeds",2007,2388.5
1,"seaweeds",2007,2388.5
9,"seaweeds",2007,2388.5
6,"seaweeds",2007,2388.5
13,"seaweeds",2007,2388.5
12,"seaweeds",2008,2540
4,"seaweeds",2008,2540
8,"seaweeds",2008,2540
10,"seaweeds",2008,2540
2,"seaweeds",2008,2540
14,"seaweeds",2008,2540
7,"seaweeds",2008,2540
11,"seaweeds",2008,2540
5,"seaweeds",2008,2540
3,"seaweeds",2008,2540
1,"seaweeds",2008,2540
9,"seaweeds",2008,2540
6,"seaweeds",2008,2540
13,"seaweeds",2008,2540
12,"seaweeds",2009,2734.75
4,"seaweeds",2009,2734.75
8,"seaweeds",2009,2734.75
10,"seaweeds",2009,2734.75
2,"seaweeds",2009,2734.75
14,"seaweeds",2009,2734.75
7,"seaweeds",2009,2734.75
11,"seaweeds",2009,2734.75
5,"seaweeds",2009,2734.75
3,"seaweeds",2009,2734.75
1,"seaweeds",2009,2734.75
9,"seaweeds",2009,2734.75
6,"seaweeds",2009,2734.75
13,"seaweeds",2009,2734.75
12,"seaweeds",2010,2881.66666666667
4,"seaweeds",2010,2881.66666666667
8,"seaweeds",2010,2881.66666666667
10,"seaweeds",2010,2881.66666666667
2,"seaweeds",2010,2881.66666666667
14,"seaweeds",2010,2881.66666666667
7,"seaweeds",2010,2881.66666666667
11,"seaweeds",2010,2881.66666666667
5,"seaweeds",2010,2881.66666666667
3,"seaweeds",2010,2881.66666666667
1,"seaweeds",2010,2881.66666666667
9,"seaweeds",2010,2881.66666666667
6,"seaweeds",2010,2881.66666666667
13,"seaweeds",2010,2881.66666666667
12,"seaweeds",2011,3239
4,"seaweeds",2011,3239
8,"seaweeds",2011,3239
10,"seaweeds",2011,3239
2,"seaweeds",2011,3239
14,"seaweeds",2011,3239
7,"seaweeds",2011,3239
11,"seaweeds",2011,3239
5,"seaweeds",2011,3239
3,"seaweeds",2011,3239
1,"seaweeds",2011,3239
9,"seaweeds",2011,3239
6,"seaweeds",2011,3239
13,"seaweeds",2011,3239
12,"shells",1976,187.666666666667
4,"shells",1976,187.666666666667
8,"shells",1976,187.666666666667
10,"shells",1976,187.666666666667
2,"shells",1976,187.666666666667
14,"shells",1976,187.666666666667
7,"shells",1976,187.666666666667
11,"shells",1976,187.666666666667
5,"shells",1976,187.666666666667
3,"shells",1976,187.666666666667
1,"shells",1976,187.666666666667
9,"shells",1976,187.666666666667
6,"shells",1976,187.666666666667
13,"shells",1976,187.666666666667
12,"shells",1977,198.75
4,"shells",1977,198.75
8,"shells",1977,198.75
10,"shells",1977,198.75
2,"shells",1977,198.75
14,"shells",1977,198.75
7,"shells",1977,198.75
11,"shells",1977,198.75
5,"shells",1977,198.75
3,"shells",1977,198.75
1,"shells",1977,198.75
9,"shells",1977,198.75
6,"shells",1977,198.75
13,"shells",1977,198.75
12,"shells",1978,209.25
4,"shells",1978,209.25
8,"shells",1978,209.25
10,"shells",1978,209.25
2,"shells",1978,209.25
14,"shells",1978,209.25
7,"shells",1978,209.25
11,"shells",1978,209.25
5,"shells",1978,209.25
3,"shells",1978,209.25
1,"shells",1978,209.25
9,"shells",1978,209.25
6,"shells",1978,209.25
13,"shells",1978,209.25
12,"shells",1979,587.25
4,"shells",1979,587.25
8,"shells",1979,587.25
10,"shells",1979,587.25
2,"shells",1979,587.25
14,"shells",1979,587.25
7,"shells",1979,587.25
11,"shells",1979,587.25
5,"shells",1979,587.25
3,"shells",1979,587.25
1,"shells",1979,587.25
9,"shells",1979,587.25
6,"shells",1979,587.25
13,"shells",1979,587.25
12,"shells",1980,914
4,"shells",1980,914
8,"shells",1980,914
10,"shells",1980,914
2,"shells",1980,914
14,"shells",1980,914
7,"shells",1980,914
11,"shells",1980,914
5,"shells",1980,914
3,"shells",1980,914
1,"shells",1980,914
9,"shells",1980,914
6,"shells",1980,914
13,"shells",1980,914
12,"shells",1981,1177.25
4,"shells",1981,1177.25
8,"shells",1981,1177.25
10,"shells",1981,1177.25
2,"shells",1981,1177.25
14,"shells",1981,1177.25
7,"shells",1981,1177.25
11,"shells",1981,1177.25
5,"shells",1981,1177.25
3,"shells",1981,1177.25
1,"shells",1981,1177.25
9,"shells",1981,1177.25
6,"shells",1981,1177.25
13,"shells",1981,1177.25
12,"shells",1982,1420.75
4,"shells",1982,1420.75
8,"shells",1982,1420.75
10,"shells",1982,1420.75
2,"shells",1982,1420.75
14,"shells",1982,1420.75
7,"shells",1982,1420.75
11,"shells",1982,1420.75
5,"shells",1982,1420.75
3,"shells",1982,1420.75
1,"shells",1982,1420.75
9,"shells",1982,1420.75
6,"shells",1982,1420.75
13,"shells",1982,1420.75
12,"shells",1983,1341.5
4,"shells",1983,1341.5
8,"shells",1983,1341.5
10,"shells",1983,1341.5
2,"shells",1983,1341.5
14,"shells",1983,1341.5
7,"shells",1983,1341.5
11,"shells",1983,1341.5
5,"shells",1983,1341.5
3,"shells",1983,1341.5
1,"shells",1983,1341.5
9,"shells",1983,1341.5
6,"shells",1983,1341.5
13,"shells",1983,1341.5
12,"shells",1984,1451
4,"shells",1984,1451
8,"shells",1984,1451
10,"shells",1984,1451
2,"shells",1984,1451
14,"shells",1984,1451
7,"shells",1984,1451
11,"shells",1984,1451
5,"shells",1984,1451
3,"shells",1984,1451
1,"shells",1984,1451
9,"shells",1984,1451
6,"shells",1984,1451
13,"shells",1984,1451
12,"shells",1985,1767
4,"shells",1985,1767
8,"shells",1985,1767
10,"shells",1985,1767
2,"shells",1985,1767
14,"shells",1985,1767
7,"shells",1985,1767
11,"shells",1985,1767
5,"shells",1985,1767
3,"shells",1985,1767
1,"shells",1985,1767
9,"shells",1985,1767
6,"shells",1985,1767
13,"shells",1985,1767
12,"shells",1986,2115.5
4,"shells",1986,2115.5
8,"shells",1986,2115.5
10,"shells",1986,2115.5
2,"shells",1986,2115.5
14,"shells",1986,2115.5
7,"shells",1986,2115.5
11,"shells",1986,2115.5
5,"shells",1986,2115.5
3,"shells",1986,2115.5
1,"shells",1986,2115.5
9,"shells",1986,2115.5
6,"shells",1986,2115.5
13,"shells",1986,2115.5
12,"shells",1987,2404.5
4,"shells",1987,2404.5
8,"shells",1987,2404.5
10,"shells",1987,2404.5
2,"shells",1987,2404.5
14,"shells",1987,2404.5
7,"shells",1987,2404.5
11,"shells",1987,2404.5
5,"shells",1987,2404.5
3,"shells",1987,2404.5
1,"shells",1987,2404.5
9,"shells",1987,2404.5
6,"shells",1987,2404.5
13,"shells",1987,2404.5
12,"shells",1988,1916.5
4,"shells",1988,1916.5
8,"shells",1988,1916.5
10,"shells",1988,1916.5
2,"shells",1988,1916.5
14,"shells",1988,1916.5
7,"shells",1988,1916.5
11,"shells",1988,1916.5
5,"shells",1988,1916.5
3,"shells",1988,1916.5
1,"shells",1988,1916.5
9,"shells",1988,1916.5
6,"shells",1988,1916.5
13,"shells",1988,1916.5
12,"shells",1989,1279.25
4,"shells",1989,1279.25
8,"shells",1989,1279.25
10,"shells",1989,1279.25
2,"shells",1989,1279.25
14,"shells",1989,1279.25
7,"shells",1989,1279.25
11,"shells",1989,1279.25
5,"shells",1989,1279.25
3,"shells",1989,1279.25
1,"shells",1989,1279.25
9,"shells",1989,1279.25
6,"shells",1989,1279.25
13,"shells",1989,1279.25
12,"shells",1990,633.75
4,"shells",1990,633.75
8,"shells",1990,633.75
10,"shells",1990,633.75
2,"shells",1990,633.75
14,"shells",1990,633.75
7,"shells",1990,633.75
11,"shells",1990,633.75
5,"shells",1990,633.75
3,"shells",1990,633.75
1,"shells",1990,633.75
9,"shells",1990,633.75
6,"shells",1990,633.75
13,"shells",1990,633.75
12,"shells",1991,0
4,"shells",1991,0
8,"shells",1991,0
10,"shells",1991,0
2,"shells",1991,0
14,"shells",1991,0
7,"shells",1991,0
11,"shells",1991,0
5,"shells",1991,0
3,"shells",1991,0
1,"shells",1991,0
9,"shells",1991,0
6,"shells",1991,0
13,"shells",1991,0
12,"shells",1992,683.75
4,"shells",1992,683.75
8,"shells",1992,683.75
10,"shells",1992,683.75
2,"shells",1992,683.75
14,"shells",1992,683.75
7,"shells",1992,683.75
11,"shells",1992,683.75
5,"shells",1992,683.75
3,"shells",1992,683.75
1,"shells",1992,683.75
9,"shells",1992,683.75
6,"shells",1992,683.75
13,"shells",1992,683.75
12,"shells",1993,1245.25
4,"shells",1993,1245.25
8,"shells",1993,1245.25
10,"shells",1993,1245.25
2,"shells",1993,1245.25
14,"shells",1993,1245.25
7,"shells",1993,1245.25
11,"shells",1993,1245.25
5,"shells",1993,1245.25
3,"shells",1993,1245.25
1,"shells",1993,1245.25
9,"shells",1993,1245.25
6,"shells",1993,1245.25
13,"shells",1993,1245.25
12,"shells",1994,1971
4,"shells",1994,1971
8,"shells",1994,1971
10,"shells",1994,1971
2,"shells",1994,1971
14,"shells",1994,1971
7,"shells",1994,1971
11,"shells",1994,1971
5,"shells",1994,1971
3,"shells",1994,1971
1,"shells",1994,1971
9,"shells",1994,1971
6,"shells",1994,1971
13,"shells",1994,1971
12,"shells",1995,2963
4,"shells",1995,2963
8,"shells",1995,2963
10,"shells",1995,2963
2,"shells",1995,2963
14,"shells",1995,2963
7,"shells",1995,2963
11,"shells",1995,2963
5,"shells",1995,2963
3,"shells",1995,2963
1,"shells",1995,2963
9,"shells",1995,2963
6,"shells",1995,2963
13,"shells",1995,2963
12,"shells",1996,2743.25
4,"shells",1996,2743.25
8,"shells",1996,2743.25
10,"shells",1996,2743.25
2,"shells",1996,2743.25
14,"shells",1996,2743.25
7,"shells",1996,2743.25
11,"shells",1996,2743.25
5,"shells",1996,2743.25
3,"shells",1996,2743.25
1,"shells",1996,2743.25
9,"shells",1996,2743.25
6,"shells",1996,2743.25
13,"shells",1996,2743.25
12,"shells",1997,2311.75
4,"shells",1997,2311.75
8,"shells",1997,2311.75
10,"shells",1997,2311.75
2,"shells",1997,2311.75
14,"shells",1997,2311.75
7,"shells",1997,2311.75
11,"shells",1997,2311.75
5,"shells",1997,2311.75
3,"shells",1997,2311.75
1,"shells",1997,2311.75
9,"shells",1997,2311.75
6,"shells",1997,2311.75
13,"shells",1997,2311.75
12,"shells",1998,1811.75
4,"shells",1998,1811.75
8,"shells",1998,1811.75
10,"shells",1998,1811.75
2,"shells",1998,1811.75
14,"shells",1998,1811.75
7,"shells",1998,1811.75
11,"shells",1998,1811.75
5,"shells",1998,1811.75
3,"shells",1998,1811.75
1,"shells",1998,1811.75
9,"shells",1998,1811.75
6,"shells",1998,1811.75
13,"shells",1998,1811.75
12,"shells",1999,1255.5
4,"shells",1999,1255.5
8,"shells",1999,1255.5
10,"shells",1999,1255.5
2,"shells",1999,1255.5
14,"shells",1999,1255.5
7,"shells",1999,1255.5
11,"shells",1999,1255.5
5,"shells",1999,1255.5
3,"shells",1999,1255.5
1,"shells",1999,1255.5
9,"shells",1999,1255.5
6,"shells",1999,1255.5
13,"shells",1999,1255.5
12,"shells",2000,1442.5
4,"shells",2000,1442.5
8,"shells",2000,1442.5
10,"shells",2000,1442.5
2,"shells",2000,1442.5
14,"shells",2000,1442.5
7,"shells",2000,1442.5
11,"shells",2000,1442.5
5,"shells",2000,1442.5
3,"shells",2000,1442.5
1,"shells",2000,1442.5
9,"shells",2000,1442.5
6,"shells",2000,1442.5
13,"shells",2000,1442.5
12,"shells",2001,2041.25
4,"shells",2001,2041.25
8,"shells",2001,2041.25
10,"shells",2001,2041.25
2,"shells",2001,2041.25
14,"shells",2001,2041.25
7,"shells",2001,2041.25
11,"shells",2001,2041.25
5,"shells",2001,2041.25
3,"shells",2001,2041.25
1,"shells",2001,2041.25
9,"shells",2001,2041.25
6,"shells",2001,2041.25
13,"shells",2001,2041.25
12,"shells",2002,2097
4,"shells",2002,2097
8,"shells",2002,2097
10,"shells",2002,2097
2,"shells",2002,2097
14,"shells",2002,2097
7,"shells",2002,2097
11,"shells",2002,2097
5,"shells",2002,2097
3,"shells",2002,2097
1,"shells",2002,2097
9,"shells",2002,2097
6,"shells",2002,2097
13,"shells",2002,2097
12,"shells",2003,1842.5
4,"shells",2003,1842.5
8,"shells",2003,1842.5
10,"shells",2003,1842.5
2,"shells",2003,1842.5
14,"shells",2003,1842.5
7,"shells",2003,1842.5
11,"shells",2003,1842.5
5,"shells",2003,1842.5
3,"shells",2003,1842.5
1,"shells",2003,1842.5
9,"shells",2003,1842.5
6,"shells",2003,1842.5
13,"shells",2003,1842.5
12,"shells",2004,1350
4,"shells",2004,1350
8,"shells",2004,1350
10,"shells",2004,1350
2,"shells",2004,1350
14,"shells",2004,1350
7,"shells",2004,1350
11,"shells",2004,1350
5,"shells",2004,1350
3,"shells",2004,1350
1,"shells",2004,1350
9,"shells",2004,1350
6,"shells",2004,1350
13,"shells",2004,1350
12,"shells",2005,786.5
4,"shells",2005,786.5
8,"shells",2005,786.5
10,"shells",2005,786.5
2,"shells",2005,786.5
14,"shells",2005,786.5
7,"shells",2005,786.5
11,"shells",2005,786.5
5,"shells",2005,786.5
3,"shells",2005,786.5
1,"shells",2005,786.5
9,"shells",2005,786.5
6,"shells",2005,786.5
13,"shells",2005,786.5
12,"shells",2006,747.75
4,"shells",2006,747.75
8,"shells",2006,747.75
10,"shells",2006,747.75
2,"shells",2006,747.75
14,"shells",2006,747.75
7,"shells",2006,747.75
11,"shells",2006,747.75
5,"shells",2006,747.75
3,"shells",2006,747.75
1,"shells",2006,747.75
9,"shells",2006,747.75
6,"shells",2006,747.75
13,"shells",2006,747.75
12,"shells",2007,699.5
4,"shells",2007,699.5
8,"shells",2007,699.5
10,"shells",2007,699.5
2,"shells",2007,699.5
14,"shells",2007,699.5
7,"shells",2007,699.5
11,"shells",2007,699.5
5,"shells",2007,699.5
3,"shells",2007,699.5
1,"shells",2007,699.5
9,"shells",2007,699.5
6,"shells",2007,699.5
13,"shells",2007,699.5
12,"shells",2008,764.5
4,"shells",2008,764.5
8,"shells",2008,764.5
10,"shells",2008,764.5
2,"shells",2008,764.5
14,"shells",2008,764.5
7,"shells",2008,764.5
11,"shells",2008,764.5
5,"shells",2008,764.5
3,"shells",2008,764.5
1,"shells",2008,764.5
9,"shells",2008,764.5
6,"shells",2008,764.5
13,"shells",2008,764.5
12,"shells",2009,841.25
4,"shells",2009,841.25
8,"shells",2009,841.25
10,"shells",2009,841.25
2,"shells",2009,841.25
14,"shells",2009,841.25
7,"shells",2009,841.25
11,"shells",2009,841.25
5,"shells",2009,841.25
3,"shells",2009,841.25
1,"shells",2009,841.25
9,"shells",2009,841.25
6,"shells",2009,841.25
13,"shells",2009,841.25
12,"shells",2010,798
4,"shells",2010,798
8,"shells",2010,798
10,"shells",2010,798
2,"shells",2010,798
14,"shells",2010,798
7,"shells",2010,798
11,"shells",2010,798
5,"shells",2010,798
3,"shells",2010,798
1,"shells",2010,798
9,"shells",2010,798
6,"shells",2010,798
13,"shells",2010,798
12,"shells",2011,931
4,"shells",2011,931
8,"shells",2011,931
10,"shells",2011,931
2,"shells",2011,931
14,"shells",2011,931
7,"shells",2011,931
11,"shells",2011,931
5,"shells",2011,931
3,"shells",2011,931
1,"shells",2011,931
9,"shells",2011,931
6,"shells",2011,931
13,"shells",2011,931
12,"sponges",1988,1.33333333333333
4,"sponges",1988,1.33333333333333
8,"sponges",1988,1.33333333333333
10,"sponges",1988,1.33333333333333
2,"sponges",1988,1.33333333333333
14,"sponges",1988,1.33333333333333
7,"sponges",1988,1.33333333333333
11,"sponges",1988,1.33333333333333
5,"sponges",1988,1.33333333333333
3,"sponges",1988,1.33333333333333
1,"sponges",1988,1.33333333333333
9,"sponges",1988,1.33333333333333
6,"sponges",1988,1.33333333333333
13,"sponges",1988,1.33333333333333
12,"sponges",1989,1
4,"sponges",1989,1
8,"sponges",1989,1
10,"sponges",1989,1
2,"sponges",1989,1
14,"sponges",1989,1
7,"sponges",1989,1
11,"sponges",1989,1
5,"sponges",1989,1
3,"sponges",1989,1
1,"sponges",1989,1
9,"sponges",1989,1
6,"sponges",1989,1
13,"sponges",1989,1
12,"sponges",1990,0
4,"sponges",1990,0
8,"sponges",1990,0
10,"sponges",1990,0
2,"sponges",1990,0
14,"sponges",1990,0
7,"sponges",1990,0
11,"sponges",1990,0
5,"sponges",1990,0
3,"sponges",1990,0
1,"sponges",1990,0
9,"sponges",1990,0
6,"sponges",1990,0
13,"sponges",1990,0
12,"sponges",1991,0
4,"sponges",1991,0
8,"sponges",1991,0
10,"sponges",1991,0
2,"sponges",1991,0
14,"sponges",1991,0
7,"sponges",1991,0
11,"sponges",1991,0
5,"sponges",1991,0
3,"sponges",1991,0
1,"sponges",1991,0
9,"sponges",1991,0
6,"sponges",1991,0
13,"sponges",1991,0
12,"sponges",1992,14
4,"sponges",1992,14
8,"sponges",1992,14
10,"sponges",1992,14
2,"sponges",1992,14
14,"sponges",1992,14
7,"sponges",1992,14
11,"sponges",1992,14
5,"sponges",1992,14
3,"sponges",1992,14
1,"sponges",1992,14
9,"sponges",1992,14
6,"sponges",1992,14
13,"sponges",1992,14
12,"sponges",1993,85.5
4,"sponges",1993,85.5
8,"sponges",1993,85.5
10,"sponges",1993,85.5
2,"sponges",1993,85.5
14,"sponges",1993,85.5
7,"sponges",1993,85.5
11,"sponges",1993,85.5
5,"sponges",1993,85.5
3,"sponges",1993,85.5
1,"sponges",1993,85.5
9,"sponges",1993,85.5
6,"sponges",1993,85.5
13,"sponges",1993,85.5
12,"sponges",1994,87.75
4,"sponges",1994,87.75
8,"sponges",1994,87.75
10,"sponges",1994,87.75
2,"sponges",1994,87.75
14,"sponges",1994,87.75
7,"sponges",1994,87.75
11,"sponges",1994,87.75
5,"sponges",1994,87.75
3,"sponges",1994,87.75
1,"sponges",1994,87.75
9,"sponges",1994,87.75
6,"sponges",1994,87.75
13,"sponges",1994,87.75
12,"sponges",1995,88.5
4,"sponges",1995,88.5
8,"sponges",1995,88.5
10,"sponges",1995,88.5
2,"sponges",1995,88.5
14,"sponges",1995,88.5
7,"sponges",1995,88.5
11,"sponges",1995,88.5
5,"sponges",1995,88.5
3,"sponges",1995,88.5
1,"sponges",1995,88.5
9,"sponges",1995,88.5
6,"sponges",1995,88.5
13,"sponges",1995,88.5
12,"sponges",1996,77.5
4,"sponges",1996,77.5
8,"sponges",1996,77.5
10,"sponges",1996,77.5
2,"sponges",1996,77.5
14,"sponges",1996,77.5
7,"sponges",1996,77.5
11,"sponges",1996,77.5
5,"sponges",1996,77.5
3,"sponges",1996,77.5
1,"sponges",1996,77.5
9,"sponges",1996,77.5
6,"sponges",1996,77.5
13,"sponges",1996,77.5
12,"sponges",1997,10.5
4,"sponges",1997,10.5
8,"sponges",1997,10.5
10,"sponges",1997,10.5
2,"sponges",1997,10.5
14,"sponges",1997,10.5
7,"sponges",1997,10.5
11,"sponges",1997,10.5
5,"sponges",1997,10.5
3,"sponges",1997,10.5
1,"sponges",1997,10.5
9,"sponges",1997,10.5
6,"sponges",1997,10.5
13,"sponges",1997,10.5
12,"sponges",1998,9.75
4,"sponges",1998,9.75
8,"sponges",1998,9.75
10,"sponges",1998,9.75
2,"sponges",1998,9.75
14,"sponges",1998,9.75
7,"sponges",1998,9.75
11,"sponges",1998,9.75
5,"sponges",1998,9.75
3,"sponges",1998,9.75
1,"sponges",1998,9.75
9,"sponges",1998,9.75
6,"sponges",1998,9.75
13,"sponges",1998,9.75
12,"sponges",1999,9.75
4,"sponges",1999,9.75
8,"sponges",1999,9.75
10,"sponges",1999,9.75
2,"sponges",1999,9.75
14,"sponges",1999,9.75
7,"sponges",1999,9.75
11,"sponges",1999,9.75
5,"sponges",1999,9.75
3,"sponges",1999,9.75
1,"sponges",1999,9.75
9,"sponges",1999,9.75
6,"sponges",1999,9.75
13,"sponges",1999,9.75
12,"sponges",2000,7.75
4,"sponges",2000,7.75
8,"sponges",2000,7.75
10,"sponges",2000,7.75
2,"sponges",2000,7.75
14,"sponges",2000,7.75
7,"sponges",2000,7.75
11,"sponges",2000,7.75
5,"sponges",2000,7.75
3,"sponges",2000,7.75
1,"sponges",2000,7.75
9,"sponges",2000,7.75
6,"sponges",2000,7.75
13,"sponges",2000,7.75
12,"sponges",2001,5.5
4,"sponges",2001,5.5
8,"sponges",2001,5.5
10,"sponges",2001,5.5
2,"sponges",2001,5.5
14,"sponges",2001,5.5
7,"sponges",2001,5.5
11,"sponges",2001,5.5
5,"sponges",2001,5.5
3,"sponges",2001,5.5
1,"sponges",2001,5.5
9,"sponges",2001,5.5
6,"sponges",2001,5.5
13,"sponges",2001,5.5
12,"sponges",2002,4.25
4,"sponges",2002,4.25
8,"sponges",2002,4.25
10,"sponges",2002,4.25
2,"sponges",2002,4.25
14,"sponges",2002,4.25
7,"sponges",2002,4.25
11,"sponges",2002,4.25
5,"sponges",2002,4.25
3,"sponges",2002,4.25
1,"sponges",2002,4.25
9,"sponges",2002,4.25
6,"sponges",2002,4.25
13,"sponges",2002,4.25
12,"sponges",2003,4.5
4,"sponges",2003,4.5
8,"sponges",2003,4.5
10,"sponges",2003,4.5
2,"sponges",2003,4.5
14,"sponges",2003,4.5
7,"sponges",2003,4.5
11,"sponges",2003,4.5
5,"sponges",2003,4.5
3,"sponges",2003,4.5
1,"sponges",2003,4.5
9,"sponges",2003,4.5
6,"sponges",2003,4.5
13,"sponges",2003,4.5
12,"sponges",2004,5.5
4,"sponges",2004,5.5
8,"sponges",2004,5.5
10,"sponges",2004,5.5
2,"sponges",2004,5.5
14,"sponges",2004,5.5
7,"sponges",2004,5.5
11,"sponges",2004,5.5
5,"sponges",2004,5.5
3,"sponges",2004,5.5
1,"sponges",2004,5.5
9,"sponges",2004,5.5
6,"sponges",2004,5.5
13,"sponges",2004,5.5
12,"sponges",2005,30.75
4,"sponges",2005,30.75
8,"sponges",2005,30.75
10,"sponges",2005,30.75
2,"sponges",2005,30.75
14,"sponges",2005,30.75
7,"sponges",2005,30.75
11,"sponges",2005,30.75
5,"sponges",2005,30.75
3,"sponges",2005,30.75
1,"sponges",2005,30.75
9,"sponges",2005,30.75
6,"sponges",2005,30.75
13,"sponges",2005,30.75
12,"sponges",2006,32.25
4,"sponges",2006,32.25
8,"sponges",2006,32.25
10,"sponges",2006,32.25
2,"sponges",2006,32.25
14,"sponges",2006,32.25
7,"sponges",2006,32.25
11,"sponges",2006,32.25
5,"sponges",2006,32.25
3,"sponges",2006,32.25
1,"sponges",2006,32.25
9,"sponges",2006,32.25
6,"sponges",2006,32.25
13,"sponges",2006,32.25
12,"sponges",2007,33.25
4,"sponges",2007,33.25
8,"sponges",2007,33.25
10,"sponges",2007,33.25
2,"sponges",2007,33.25
14,"sponges",2007,33.25
7,"sponges",2007,33.25
11,"sponges",2007,33.25
5,"sponges",2007,33.25
3,"sponges",2007,33.25
1,"sponges",2007,33.25
9,"sponges",2007,33.25
6,"sponges",2007,33.25
13,"sponges",2007,33.25
12,"sponges",2008,31.25
4,"sponges",2008,31.25
8,"sponges",2008,31.25
10,"sponges",2008,31.25
2,"sponges",2008,31.25
14,"sponges",2008,31.25
7,"sponges",2008,31.25
11,"sponges",2008,31.25
5,"sponges",2008,31.25
3,"sponges",2008,31.25
1,"sponges",2008,31.25
9,"sponges",2008,31.25
6,"sponges",2008,31.25
13,"sponges",2008,31.25
12,"sponges",2009,12.25
4,"sponges",2009,12.25
8,"sponges",2009,12.25
10,"sponges",2009,12.25
2,"sponges",2009,12.25
14,"sponges",2009,12.25
7,"sponges",2009,12.25
11,"sponges",2009,12.25
5,"sponges",2009,12.25
3,"sponges",2009,12.25
1,"sponges",2009,12.25
9,"sponges",2009,12.25
6,"sponges",2009,12.25
13,"sponges",2009,12.25
12,"sponges",2010,14
4,"sponges",2010,14
8,"sponges",2010,14
10,"sponges",2010,14
2,"sponges",2010,14
14,"sponges",2010,14
7,"sponges",2010,14
11,"sponges",2010,14
5,"sponges",2010,14
3,"sponges",2010,14
1,"sponges",2010,14
9,"sponges",2010,14
6,"sponges",2010,14
13,"sponges",2010,14
12,"sponges",2011,17
4,"sponges",2011,17
8,"sponges",2011,17
10,"sponges",2011,17
2,"sponges",2011,17
14,"sponges",2011,17
7,"sponges",2011,17
11,"sponges",2011,17
5,"sponges",2011,17
3,"sponges",2011,17
1,"sponges",2011,17
9,"sponges",2011,17
6,"sponges",2011,17
13,"sponges",2011,17
